<?xml version="1.0" encoding="UTF-8"?>
<project-private xmlns="http://www.netbeans.org/ns/project-private/1">
    <editor-bookmarks xmlns="http://www.netbeans.org/ns/editor-bookmarks/2" lastBookmarkId="0"/>
    <open-files xmlns="http://www.netbeans.org/ns/projectui-open-files/2">
        <group>
            <file>file:/E:/PBOL_Teori/KalkulatorRMI/src/RMI/ImplementasiKalkulator.java</file>
            <file>file:/E:/PBOL_Teori/KalkulatorRMI/src/RMI/KalkulatorServer.java</file>
            <file>file:/E:/PBOL_Teori/KalkulatorRMI/src/RMI/KalkulatorClient.java</file>
            <file>file:/E:/PBOL_Teori/KalkulatorRMI/src/RMI/InterfaceKalkulator.java</file>
        </group>
    </open-files>
</project-private>
